{
  "8": {
    "Grid": {
      "X": 6947.0,
      "Y": 6609.0,
      "IsNormalized": false,
      "IsZero": false
    },
    "MapId": "CrystalScar",
    "Name": "The Crystal Scar",
    "ShortName": "crystalScar",
    "StartingLevel": 3
  },
  "10": {
    "Grid": {
      "X": 7718.0,
      "Y": 7237.0,
      "IsNormalized": false,
      "IsZero": false
    },
    "MapId": "TwistedTreeline",
    "Name": "The Twisted Treeline",
    "ShortName": "twistedTreeline",
    "StartingLevel": 1
  },
  "11": {
    "Grid": {
      "X": 6991.0,
      "Y": 7223.0,
      "IsNormalized": false,
      "IsZero": false
    },
    "MapId": "SummonersRift",
    "Name": "Summoner's Rift",
    "ShortName": "summonerRift",
    "StartingLevel": 1
  },
  "12": {
    "Grid": {
      "X": 6560.0,
      "Y": 6309.0,
      "IsNormalized": false,
      "IsZero": false
    },
    "MapId": "HowlingAbyss",
    "Name": "Howling Abyss",
    "ShortName": "howlingAbyss",
    "StartingLevel": 3
  }
}